Size,Query
1.5,properties of steel
1.5,use of steel in utensil grips
1.5,properties of aluminum
1.5,necessary properties of kitchen utensil grips
1.5,aluminum use in kitchen utensil grips
1.5,properties of titanium
1.5,suitability of titanium for kitchen utensil grip
1.5,properties of thermoplastic
1.5,properties of thermoset
1.5,necessary properties of kitchen utensil grips
1.5,thermoset use in kitchen utensil grips
1.5,properties of elastomer
1.5,necessary properties of kitchen utensil grips
1.5,elastomer use in kitchen utensil grips
1.5,properties of composite materials
1.5,necessary properties of kitchen utensil grips
1.5,composite materials use in kitchen utensil grips
1.5,properties of steel
1.5,properties of aluminum
1.5,necessary properties of kitchen utensil grips
1.5,aluminum use in kitchen utensil grips
1.5,properties of titanium
1.5,necessary properties of kitchen utensil grips
1.5,titanium use in kitchen utensil grips
1.5,properties of glass
1.5,glass use in kitchen utensil grips
1.5,properties of wood
1.5,properties of thermoplastic
1.5,properties of thermoset materials
1.5,necessary properties of kitchen utensil grips
1.5,thermoset materials use in kitchen utensil grips
1.5,properties of elastomer
1.5,properties of composite materials
1.5,necessary properties of kitchen utensil grips
1.5,composite materials in kitchen utensil grips
1.5,properties of steel
1.5,corrosion resistance in steel
1.5,corrosion resistance in steel
1.5,properties of aluminum
1.5,properties of titanium
1.5,corrosion resistance of titanium
1.5,corrosion resistance of glass
1.5,properties of wood
1.5,necessary properties of kitchen utensil grips
1.5,wood use in kitchen utensil grips
1.5,corrosion resistance of thermoplastic
1.5,suitable material for kitchen utensil grips
1.5,properties of thermoset
1.5,properties of elastomer
1.5,corrosion resistant materials
1.5,properties of composite materials
1.5,properties of kitchen utensil grips
1.5,corrosion resistant materials
1.5,properties of composite materials
1.5,properties of steel
1.5,high strength grip design
1.5,properties of aluminum
1.5,aluminum use in kitchen utensil grips
1.5,properties of titanium
1.5,strength of titanium
1.5,properties of glass as a material for kitchen utensil grips
1.5,properties of wood
1.5,properties of thermoplastic
1.5,properties of thermoset
1.5,properties of elastomer
1.5,necessary properties of kitchen utensil grips
1.5,elastomer use in kitchen utensil grips
1.5,properties of composite materials
1.5,necessary properties of kitchen utensil grips
1.5,composite materials use in kitchen utensil grips
1.5,properties of steel
1.5,necessary properties of safety helmets
1.5,steel use in safety helmets
1.5,properties of aluminum
1.5,necessary properties of safety helmets
1.5,aluminum use in safety helmets
1.5,properties of titanium
1.5,necessary properties of safety helmets
1.5,titanium use in safety helmets
1.5,properties of glass
1.5,necessary properties of safety helmets
1.5,glass use in safety helmets
1.5,properties of thermoplastic
1.5,necessary properties of safety helmets
1.5,thermoplastic use in safety helmets
1.5,properties of thermoset
1.5,necessary properties of safety helmets
1.5,thermoset use in safety helmets
1.5,properties of elastomer
1.5,properties of composite materials
1.5,properties of safety helmets
1.5,composite use in safety helmets
1.5,properties of steel
1.5,properties of aluminum
1.5,necessary properties of safety helmets
1.5,aluminum use in safety helmets
1.5,properties of titanium
1.5,suitability of titanium for heat resistance
1.5,properties of wood
1.5,wood use in safety helmets
1.5,properties of thermoplastic
1.5,thermoplastic heat resistance
1.5,properties of thermoset
1.5,necessary properties of safety helmets
1.5,thermoset use in safety helmets
1.5,properties of elastomer
1.5,properties of elastomer in relation to heat resistance
1.5,elastomer use in safety helmets
1.5,properties of composite materials
1.5,composite materials for safety helmets
1.5,corrosion resistance of steel
1.5,properties of aluminum
1.5,properties of titanium
1.5,corrosion resistance
1.5,titanium use in safety helmets
1.5,corrosion resistance of glass
1.5,corrosion resistance of wood
1.5,properties of thermoplastic
1.5,corrosion resistance of thermoplastic
1.5,properties of thermoset
1.5,necessary properties of safety helmets
1.5,corrosion resistance in safety helmets
1.5,corrosion resistance elastomer
1.5,properties of composite materials
1.5,corrosion resistance in composite materials
1.5,properties of steel
1.5,strength of aluminum
1.5,strength of titanium
1.5,properties of glass
1.5,properties of wood
1.5,properties of thermoplastic
1.5,necessary properties of safety helmets
1.5,thermoplastic use in safety helmets
1.5,properties of thermoset
1.5,properties of elastomer
1.5,properties of composite materials
1.5,composite materials for safety helmets
1.5,properties of steel
1.5,steel underwater applications
1.5,properties of aluminum
1.5,necessary properties for underwater components
1.5,aluminum use in underwater components
1.5,properties of titanium underwater components
1.5,properties of titanium underwater components
1.5,properties of titanium underwater components
1.5,properties of titanium underwater components
1.5,properties of thermoplastic
1.5,properties of thermoset materials
1.5,thermoset materials underwater components
1.5,properties of elastomer
1.5,elastomer use in underwater components
1.5,properties of composite materials
1.5,necessary properties of underwater components
1.5,composite materials use in underwater components
1.5,properties of steel
1.5,necessary properties of underwater components
1.5,steel underwater components
1.5,properties of aluminum
1.5,properties of titanium
1.5,heat resistance of titanium
1.5,properties of glass
1.5,glass use in underwater applications
1.5,properties of wood
1.5,necessary properties of heat-resistant materials
1.5,properties of thermoplastic
1.5,properties of elastomer
1.5,properties of composite materials
1.5,suitability of composite materials for underwater components
1.5,steel properties
1.5,steel underwater applications
1.5,properties of aluminum
1.5,aluminum use in underwater components
1.5,properties of titanium
1.5,necessary properties of underwater components
1.5,titanium use in underwater components
1.5,corrosion resistance of glass underwater
1.5,properties of wood
1.5,properties of thermoplastic
1.5,properties of thermoset materials
1.5,corrosion resistant applications of thermoset materials
1.5,underwater applications of thermoset materials
1.5,corrosion resistant underwater applications of thermoset materials
1.5,properties of elastomers
1.5,use of elastomer in underwater component
1.5,properties of composite materials
1.5,properties of steel
1.5,necessary properties of underwater components
1.5,steel use in underwater components
1.5,properties of aluminum underwater components
1.5,properties of titanium
1.5,properties of glass
1.5,properties of wood
1.5,properties of thermoplastic
1.5,properties of thermoset materials
1.5,thermoset materials underwater performance
1.5,thermoset materials underwater strength
1.5,properties of elastomer
1.5,necessary properties of underwater components
1.5,elastomer use in underwater components
1.5,properties of composite materials
1.5,necessary properties of underwater components
1.5,composite materials use in underwater components
1.5,properties of steel
1.5,necessary properties of spacecraft components
1.5,steel in spacecraft
1.5,properties of aluminum
1.5,necessary properties of spacecraft component
1.5,aluminum use in spacecraft component
1.5,properties of titanium
1.5,suitability of titanium for spacecraft components
1.5,properties of glass
1.5,properties of thermoplastic
1.5,properties of thermoset materials
1.5,properties of elastomers
1.5,properties of materials used in spacecraft components
1.5,properties of composite materials
1.5,composite use in spacecraft components
1.5,properties of steel
1.5,necessary properties of spacecraft component
1.5,steel use in spacecraft components
1.5,properties of aluminum
1.5,properties of titanium
1.5,properties of glass
1.5,properties of wood
1.5,heat-resistant material
1.5,properties of thermoset
1.5,necessary properties of spacecraft components
1.5,thermoset use in spacecraft components
1.5,properties of elastomer
1.5,materials used for spacecraft components
1.5,elastomer use in spacecraft components
1.5,properties of composite materials
1.5,heat resistance of composite materials
1.5,properties of steel
1.5,corrosion resistance of steel
1.5,properties of aluminum
1.5,corrosion resistance of titanium
1.5,corrosion resistance of wood
1.5,properties of thermoplastic
1.5,properties of thermoset materials
1.5,necessary properties of spacecraft components
1.5,thermoset materials use in spacecraft components
1.5,properties of elastomer
1.5,elastomer corrosion resistance
1.5,properties of composite materials
1.5,corrosion resistance of composite materials
1.5,properties of steel
1.5,necessary properties of spacecraft components
1.5,steel use in spacecraft components
1.5,properties of aluminum
1.5,properties of titanium
1.5,suitability of titanium for spacecraft components
1.5,properties of glass
1.5,glass use in spacecraft components
1.5,strength of wood
1.5,properties of thermoplastic
1.5,necessary properties of spacecraft component materials
1.5,thermoplastic use in spacecraft component materials
1.5,properties of thermoset
1.5,thermoset use in spacecraft components
1.5,properties of elastomer
1.5,necessary properties of spacecraft component
1.5,elastomer use in spacecraft component
1.5,properties of composite materials
1.5,necessary properties of spacecraft components
1.5,composite materials use in spacecraft components
3.0,properties of steel
3.0,necessary properties of kitchen utensil grips
3.0,steel use in kitchen utensil grips
3.0,properties of aluminum
3.0,necessary properties of kitchen utensil grips
3.0,aluminum use in kitchen utensil grips
3.0,properties of titanium
3.0,necessary properties of kitchen utensil grips
3.0,necessary properties of kitchen utensil grips
3.0,titanium use in kitchen utensil grips
3.0,titanium use in kitchen utensil grips
3.0,properties of glass
3.0,necessary properties of kitchen utensil grips
3.0,glass use in kitchen utensil grips
3.0,properties of wood
3.0,necessary properties of kitchen utensil grips
3.0,wood use in kitchen utensil grips
3.0,properties of thermoplastic
3.0,necessary properties of kitchen utensils grips
3.0,thermoplastic use in kitchen utensils grips
3.0,properties of thermoset
3.0,necessary properties of kitchen utensil grips
3.0,necessary properties of kitchen utensil grips
3.0,thermoset use in kitchen utensil grips
3.0,thermoset use in kitchen utensil grips
3.0,properties of elastomer
3.0,necessary properties of kitchen utensil grips
3.0,elastomer use in kitchen utensil grips
3.0,properties of composite materials
3.0,necessary properties of kitchen utensil grips
3.0,composite use in kitchen utensil grips
3.0,properties of steel
3.0,necessary properties of kitchen utensils
3.0,steel use in kitchen utensils
3.0,properties of aluminum
3.0,necessary properties of kitchen utensil grips
3.0,necessary properties of kitchen utensil grips
3.0,aluminum use in kitchen utensil grips
3.0,aluminum use in kitchen utensil grips
3.0,properties of titanium
3.0,necessary properties of kitchen utensil grips
3.0,titanium use in kitchen utensil grips
3.0,properties of glass
3.0,necessary properties of heat resistance
3.0,glass use in heat resistance applications
3.0,properties of wood
3.0,properties of wood
3.0,necessary properties of kitchen utensil grips
3.0,necessary properties of kitchen utensil grips
3.0,wood use in kitchen utensil grips
3.0,wood use in kitchen utensil grips
3.0,properties of thermoplastic
3.0,necessary properties of kitchen utensil grips
3.0,thermoplastic use in kitchen utensil grips
3.0,properties of thermoset
3.0,necessary properties of kitchen utensil grips
3.0,thermoset use in kitchen utensil grips
3.0,properties of elastomer
3.0,necessary properties of kitchen utensil grips
3.0,elastomer use in kitchen utensil grips
3.0,properties of composite materials
3.0,necessary properties of kitchen utensil grips
3.0,composite materials use in kitchen utensil grips
3.0,properties of steel
3.0,necessary properties of kitchen utensil grips
3.0,steel use in kitchen utensil grips
3.0,properties of aluminum
3.0,necessary properties of kitchen utensil grips
3.0,aluminum use in kitchen utensil grips
3.0,corrosion resistance of aluminum
3.0,properties of titanium
3.0,necessary properties of kitchen utensil grips
3.0,titanium use in kitchen utensil grips
3.0,properties of glass
3.0,necessary properties of kitchen utensil grips
3.0,glass use in kitchen utensil grips
3.0,properties of wood
3.0,necessary properties of kitchen utensil grips
3.0,wood use in kitchen utensil grips
3.0,properties of thermoplastic
3.0,necessary properties of kitchen utensil grips
3.0,thermoplastic use in kitchen utensil grips
3.0,properties of thermoset
3.0,necessary properties of kitchen utensil grips
3.0,thermoset use in kitchen utensil grips
3.0,properties of elastomers
3.0,necessary properties for kitchen utensil grips
3.0,elastomer use in kitchen utensil grips
3.0,properties of composite materials
3.0,necessary properties of kitchen utensil grips
3.0,composite materials use in kitchen utensil grips
3.0,properties of steel
3.0,necessary properties of kitchen utensil grips
3.0,steel use in kitchen utensil grips
3.0,properties of aluminum
3.0,necessary properties of kitchen utensil grips
3.0,aluminum use in kitchen utensil grips
3.0,properties of titanium
3.0,necessary properties of kitchen utensil grips
3.0,titanium use in kitchen utensil grips
3.0,properties of glass
3.0,necessary properties of kitchen utensil grips
3.0,glass use in kitchen utensil grips
3.0,properties of wood
3.0,properties of wood
3.0,necessary properties of kitchen utensil grips
3.0,necessary properties of kitchen utensil grips
3.0,wood use in kitchen utensil grips
3.0,wood use in kitchen utensil grips
3.0,properties of thermoplastic
3.0,necessary properties of kitchen utensil grips
3.0,thermoplastic use in kitchen utensil grips
3.0,properties of thermoset
3.0,necessary properties of kitchen utensil grips
3.0,thermoset use in kitchen utensil grips
3.0,melting point of thermoset
3.0,flexibility of thermoset
3.0,properties of elastomer
3.0,properties of elastomer
3.0,necessary properties of kitchen utensil grips
3.0,necessary properties of kitchen utensil grips
3.0,elastomer use in kitchen utensil grips
3.0,elastomer use in kitchen utensil grips
3.0,properties of composites
3.0,necessary properties of kitchen utensil grips
3.0,composites use in kitchen utensil grips
3.0,properties of steel
3.0,necessary properties of safety helmets
3.0,steel use in safety helmets
3.0,properties of aluminum
3.0,necessary properties of safety helmets
3.0,aluminum use in safety helmets
3.0,properties of titanium
3.0,necessary properties of safety helmets
3.0,titanium use in safety helmets
3.0,properties of glass
3.0,necessary properties of safety helmets
3.0,glass use in safety helmets
3.0,properties of wood
3.0,necessary properties of safety helmets
3.0,wood use in safety helmets
3.0,properties of thermoplastic
3.0,necessary properties of safety helmets
3.0,thermoplastic use in safety helmets
3.0,properties of thermoset
3.0,necessary properties of safety helmets
3.0,thermoset use in safety helmets
3.0,thermoset use in lightweight safety helmets
3.0,properties of elastomer
3.0,necessary properties of safety helmets
3.0,elastomer use in safety helmets
3.0,properties of composite materials
3.0,necessary properties of safety helmets
3.0,composite materials use in safety helmets
3.0,properties of composite materials lightweight
3.0,properties of steel
3.0,necessary properties of safety helmets
3.0,steel use in safety helmets
3.0,properties of aluminum
3.0,necessary properties of safety helmets
3.0,aluminum use in safety helmets
3.0,properties of titanium
3.0,necessary properties of safety helmets
3.0,titanium use in safety helmets
3.0,properties of glass
3.0,necessary properties of safety helmets
3.0,glass use in safety helmets
3.0,properties of wood
3.0,necessary properties of safety helmets
3.0,wood use in safety helmets
3.0,properties of thermoplastic
3.0,necessary properties of safety helmets
3.0,thermoplastic use in safety helmets
3.0,properties of thermoset
3.0,necessary properties of safety helmets
3.0,thermoset use in safety helmets
3.0,properties of elastomer
3.0,necessary properties of safety helmets
3.0,elastomer use in safety helmets
3.0,properties of composite materials
3.0,necessary properties of safety helmets
3.0,composite use in safety helmets
3.0,properties of steel
3.0,necessary properties of safety helmets
3.0,steel use in safety helmets
3.0,corrosion resistance of steel
3.0,properties of aluminum
3.0,necessary properties of safety helmets
3.0,aluminum use in safety helmets
3.0,properties of titanium
3.0,necessary properties of safety helmets
3.0,titanium use in safety helmets
3.0,properties of glass
3.0,necessary properties of safety helmets
3.0,glass use in safety helmets
3.0,properties of wood
3.0,necessary properties of safety helmets
3.0,wood use in safety helmets
3.0,properties of thermoplastic
3.0,necessary properties of safety helmets
3.0,thermoplastic use in safety helmets
3.0,properties of thermoset
3.0,necessary properties of safety helmets
3.0,thermoset use in safety helmets
3.0,thermoset material use in helmets
3.0,thermoset material use in helmets
3.0,properties of elastomer
3.0,necessary properties of safety helmets
3.0,elastomer use in safety helmets
3.0,properties of composite materials
3.0,necessary properties of safety helmets
3.0,composite use in safety helmets
3.0,properties of steel
3.0,necessary properties of safety helmets
3.0,steel use in safety helmets
3.0,properties of aluminum
3.0,necessary properties of safety helmets
3.0,aluminum use in safety helmets
3.0,properties of titanium
3.0,necessary properties of safety helmets
3.0,titanium use in safety helmets
3.0,properties of glass
3.0,necessary properties of safety helmets
3.0,glass use in safety helmets
3.0,properties of wood
3.0,necessary properties of safety helmets
3.0,wood use in safety helmets
3.0,properties of thermoplastic
3.0,necessary properties of safety helmets
3.0,thermoplastic use in safety helmets
3.0,properties of thermoset materials
3.0,necessary properties of safety helmets
3.0,thermoset use in safety helmets
3.0,thermoset safety helmet designs
3.0,properties of elastomer
3.0,necessary properties of safety helmets
3.0,elastomer use in safety helmets
3.0,properties of composite materials
3.0,necessary properties of safety helmets
3.0,composite use in safety helmets
3.0,properties of steel
3.0,necessary properties of underwater components
3.0,steel use in underwater components
3.0,steel use in underwater components
3.0,properties of aluminum
3.0,properties of aluminum
3.0,necessary properties of underwater components
3.0,necessary properties of underwater components
3.0,aluminum use in underwater components
3.0,aluminum use in underwater components
3.0,properties of titanium
3.0,necessary properties of underwater components
3.0,titanium use in underwater components
3.0,properties and uses of titanium
3.0,properties and uses of titanium
3.0,properties of glass
3.0,necessary properties of underwater components
3.0,glass use in underwater components
3.0,properties of wood
3.0,necessary properties of underwater components
3.0,wood use in underwater components
3.0,properties of thermoplastic
3.0,necessary properties of underwater components
3.0,thermoplastic use in underwater components
3.0,properties of thermoset materials
3.0,necessary properties of underwater components
3.0,thermoset use in underwater components
3.0,properties of elastomers
3.0,properties of elastomers
3.0,necessary properties of underwater components
3.0,necessary properties of underwater components
3.0,elastomer use in underwater components
3.0,elastomer use in underwater components
3.0,properties of composite materials
3.0,necessary properties of underwater components
3.0,composite use in underwater components
3.0,properties of steel
3.0,necessary properties of underwater components
3.0,steel use in underwater components
3.0,properties of aluminum
3.0,necessary properties for heat resistance
3.0,aluminum in underwater components
3.0,aluminum in underwater components
3.0,aluminum in underwater components
3.0,properties of titanium
3.0,necessary properties for heat resistance
3.0,titanium use in heat resistant applications
3.0,properties of glass
3.0,necessary properties of underwater components
3.0,glass use in underwater components
3.0,properties of wood
3.0,necessary properties of underwater components
3.0,wood use in underwater components
3.0,properties of thermoplastic
3.0,necessary properties of underwater components
3.0,thermoplastic use in underwater components
3.0,properties of thermoset
3.0,necessary properties of underwater components
3.0,thermoset use in underwater applications
3.0,thermoset heat resistance
3.0,properties of elastomer
3.0,necessary properties of underwater components
3.0,elastomer use in underwater components
3.0,elastomer heat resistance
3.0,properties of composite materials
3.0,necessary properties of underwater components
3.0,composite materials use in underwater components
3.0,properties of steel
3.0,necessary properties of underwater components
3.0,steel use in underwater components
3.0,properties of aluminum
3.0,necessary properties for underwater components
3.0,necessary properties for underwater components
3.0,aluminum use in underwater components
3.0,aluminum use in underwater components
3.0,properties of titanium
3.0,necessary properties of underwater components
3.0,titanium use in underwater components
3.0,properties of glass
3.0,necessary properties of underwater components
3.0,glass use in underwater components
3.0,properties of wood
3.0,necessary properties of underwater components
3.0,wood use in underwater components
3.0,properties of thermoplastic
3.0,necessary properties of underwater components
3.0,thermoplastic use in underwater components
3.0,properties of thermoset
3.0,necessary properties of underwater components
3.0,thermoset use in underwater components
3.0,properties of elastomers
3.0,necessary properties of underwater components
3.0,elastomers use in underwater components
3.0,properties of composite materials
3.0,necessary properties of underwater components
3.0,composite use in underwater components
3.0,properties of steel
3.0,necessary properties of underwater components
3.0,steel use in underwater components
3.0,properties of aluminum
3.0,properties of underwater components
3.0,aluminum use in underwater components
3.0,high strength underwater components
3.0,properties of titanium
3.0,necesssary properties of underwater components
3.0,titanium use in underwater components
3.0,properties of glass
3.0,necessary properties for underwater components
3.0,glass use in underwater components
3.0,properties of wood
3.0,necessary properties of underwater components
3.0,wood as material for underwater components
3.0,strength of wood underwater
3.0,properties of thermoplastic
3.0,properties of thermoplastic
3.0,necessary properties of underwater components
3.0,necessary properties of underwater components
3.0,thermoplastic use in underwater components
3.0,thermoplastic use in underwater components
3.0,properties of thermoset materials
3.0,necessary properties of underwater components
3.0,thermoset use in underwater components
3.0,properties of elastomer
3.0,necessary properties of underwater components
3.0,elastomer use in underwater components
3.0,high strength underwater component materials
3.0,properties of composite materials
3.0,necessary properties of underwater components
3.0,composite use in underwater components
3.0,properties of steel
3.0,necessary properties of spacecraft components
3.0,steel use in spacecraft components
3.0,properties of aluminum
3.0,properties of lightweight spacecraft components
3.0,aluminum use in spacecraft components
3.0,properties of titanium
3.0,necessary properties of spacecraft components
3.0,titanium use in spacecraft components
3.0,properties of glass
3.0,necessary properties of spacecraft components
3.0,glass use in spacecraft components
3.0,properties of wood
3.0,properties of wood
3.0,necessary properties of spacecraft components
3.0,necessary properties of spacecraft components
3.0,wood use in spacecraft components
3.0,wood use in spacecraft components
3.0,properties of thermoplastic
3.0,necessary properties of spacecraft components
3.0,thermoplastic use in spacecraft components
3.0,properties of thermoset
3.0,necessary properties of spacecraft components
3.0,thermoset use in spacecraft components
3.0,properties of elastomers
3.0,necessary properties of spacecraft components
3.0,elastomer use in spacecraft components
3.0,properties of composite materials
3.0,necessary properties of spacecraft components
3.0,composite use in spacecraft components
3.0,properties of steel
3.0,necessary properties of heat-resistant components
3.0,steel use in heat-resistant applications
3.0,properties of aluminum
3.0,necessary properties of heat resistant materials
3.0,aluminum use in heat resistant materials
3.0,properties of titanium
3.0,necessary properties of heat resistant components
3.0,titanium use in heat resistant components
3.0,properties of glass
3.0,necessary properties for spacecraft components
3.0,glass performance in necessary properties for spacecraft components
3.0,properties of wood
3.0,properties of wood heat resistance
3.0,wood use in heat resistance applications
3.0,properties of thermoplastic
3.0,necessary properties of spacecraft components
3.0,thermoplastic use in spacecraft components
3.0,properties of thermoset
3.0,necessary properties of heat resistant components
3.0,thermoset use in heat resistant components
3.0,properties of elastomer
3.0,necessary properties of spacecraft components
3.0,elastomer use in spacecraft components
3.0,properties of composite materials
3.0,necessary properties of spacecraft components
3.0,composite materials use in spacecraft components
3.0,properties of steel
3.0,necessary properties of corrosion-resistant materials
3.0,steel use in corrosion-resistant applications
3.0,properties of aluminum
3.0,necessary properties of spacecraft components
3.0,aluminum use in spacecraft components
3.0,aluminum corrosion resistance
3.0,aluminum corrosion resistance methods
3.0,properties of titanium
3.0,necessary properties of corrosion-resistant materials
3.0,titanium use in corrosion-resistant applications
3.0,properties of glass
3.0,necessary properties of spacecraft components
3.0,glass use in spacecraft components
3.0,properties of wood
3.0,necessary properties of spacecraft components
3.0,wood use in spacecraft components
3.0,properties of thermoplastic
3.0,necessary properties of spacecraft components
3.0,thermoplastic use in spacecraft components
3.0,properties of thermoset materials
3.0,necessary properties for spacecraft components
3.0,thermoset use in spacecraft components
3.0,corrosion resistance of thermoset materials
3.0,properties of elastomer
3.0,necessary properties of spacecraft components
3.0,elastomer use in spacecraft components
3.0,properties of composite materials
3.0,necessary properties of spacecraft components
3.0,composite use in spacecraft components
3.0,performance of composite materials in spacecraft components
3.0,properties of steel
3.0,necessary properties of spacecraft components
3.0,steel use in spacecraft components
3.0,properties of aluminum
3.0,necessary properties of spacecraft components
3.0,aluminum use in spacecraft components
3.0,properties of titanium
3.0,necessary properties of spacecraft components
3.0,titanium use in spacecraft components
3.0,properties of glass
3.0,necessary properties of spacecraft components
3.0,glass use in spacecraft components
3.0,properties of wood
3.0,necessary properties of spacecraft components
3.0,wood use in spacecraft components
3.0,properties of thermoplastic
3.0,necessary properties of spacecraft components
3.0,thermoplastic use in spacecraft components
3.0,properties of thermoset materials
3.0,necessary properties of spacecraft components
3.0,thermoset materials use in high strength spacecraft components
3.0,properties of elastomer
3.0,necessary properties of spacecraft components
3.0,elastomer use in spacecraft components
3.0,elastomer high strength performance
3.0,elastomer high strength performance
3.0,properties of composite materials
3.0,necessary properties of spacecraft components
3.0,composite materials use in spacecraft components
7.0,properties of steel
7.0,necessary properties of kitchen utensil grips
7.0,steel use in kitchen utensil grips
7.0,properties of aluminum
7.0,properties of titanium
7.0,necessary properties of kitchen utensil grips
7.0,titanium use in kitchen utensil grips
7.0,properties of glass
7.0,necessary properties of kitchen utensil grips
7.0,glass use in kitchen utensil grips
7.0,properties of wood
7.0,properties of thermoplastic
7.0,necessary properties of kitchen utensil grips
7.0,thermoplastic use in kitchen utensil grips
7.0,properties of thermoset
7.0,necessary properties of kitchen utensil grips
7.0,thermoset use in kitchen utensil grips
7.0,properties of elastomers
7.0,necessary properties of kitchen utensil grips
7.0,heat resistance of elastomers
7.0,properties of composite materials
7.0,properties of steel
7.0,necessary properties of kitchen utensil grips
7.0,steel use in kitchen utensil grips
7.0,properties of aluminum
7.0,necessary properties of kitchen utensil grips
7.0,properties of titanium
7.0,necessary properties of kitchen utensil grips
7.0,titanium use in kitchen utensil grips
7.0,properties of glass
7.0,physical properties of glass
7.0,properties of wood
7.0,necessary properties of kitchen utensil grips
7.0,wood use in kitchen utensil grips
7.0,properties of thermoplastic
7.0,properties of thermoset materials
7.0,properties of elastomers
7.0,heat resistance of elastomers
7.0,heat resistant elastomers
7.0,suitability of heat resistant elastomers for kitchen utensil grips
7.0,properties of composite materials
7.0,necessary properties of kitchen utensil grips
7.0,composite use in kitchen utensil grips
7.0,properties of steel
7.0,suitability of steel for kitchen utensils
7.0,properties of aluminum
7.0,necessary properties of kitchen utensil grips
7.0,aluminum use in kitchen utensils
7.0,properties of titanium
7.0,necessary properties of kitchen utensil grips
7.0,titanium use in kitchen utensil grips
7.0,properties of glass
7.0,necessary properties of kitchen utensil grips
7.0,glass use in kitchen utensil grips
7.0,properties of wood
7.0,necessary properties of kitchen utensil grips
7.0,wood use in kitchen utensil grips
7.0,properties of thermoplastic
7.0,thermoplastic use in kitchen utensils
7.0,definition of thermoplastic
7.0,corrosion resistance properties in kitchen utensil materials
7.0,properties of thermoset materials
7.0,corrosion resistance of thermoset materials
7.0,properties of elastomer
7.0,corrosion resistance of elastomer
7.0,properties of composite materials
7.0,corrosion resistance of composite materials
7.0,properties of steel
7.0,necessary properties of kitchen utensil grips
7.0,steel use in kitchen utensil grips
7.0,properties of aluminum
7.0,necessary properties of kitchen utensil grips
7.0,aluminum use in kitchen utensil grips
7.0,properties of titanium
7.0,properties of glass
7.0,necessary properties of kitchen utensil grips
7.0,glass use in kitchen utensil grips
7.0,properties of wood
7.0,wood use in kitchen utensils
7.0,thermoplastic properties
7.0,thermoplastic suitability for high strength applications
7.0,properties of thermoset
7.0,necessary properties of kitchen utensil grips
7.0,thermoset use in kitchen utensil grips
7.0,properties of elastomers
7.0,necessary properties of kitchen utensil grips
7.0,elastomer use in kitchen utensil grips
7.0,properties of composite materials
7.0,properties of steel
7.0,necessary properties of safety helmets
7.0,steel use in safety helmets
7.0,properties of aluminum
7.0,suitability of aluminum for safety helmets
7.0,necessary properties of safety helmets
7.0,properties of titanium
7.0,necessary properties of safety helmets
7.0,titanium use in safety helmets
7.0,properties of glass
7.0,necessary properties of safety helmets
7.0,glass use in safety helmets
7.0,properties of wood
7.0,properties of thermoplastic
7.0,necessary properties of safety helmets
7.0,thermoplastic use in safety helmets
7.0,properties of thermoset
7.0,necessary properties of safety helmets
7.0,thermoset use in safety helmets
7.0,properties of elastomer
7.0,necessary properties of safety helmets
7.0,elastomer use in safety helmets
7.0,properties of composite materials
7.0,necessary properties of safety helmets
7.0,composite use in safety helmets
7.0,heat resistance properties of steel
7.0,necessary properties of safety helmets
7.0,heat resistance of steel in safety helmets
7.0,aluminum properties
7.0,heat resistance of titanium
7.0,properties of glass
7.0,properties of wood
7.0,properties of thermoplastic
7.0,necessary properties of safety helmets
7.0,properties of thermoset
7.0,suitability of thermoset for safety helmets
7.0,properties of elastomers
7.0,use of elastomers in heat resistant applications
7.0,properties of composite materials
7.0,properties of steel
7.0,necessary properties of safety helmets
7.0,steel use in safety helmets
7.0,properties of aluminum
7.0,corrosion resistance of aluminum
7.0,properties of titanium
7.0,properties of glass
7.0,properties of wood
7.0,corrosion resistance of wood
7.0,properties of thermoplastic
7.0,properties of thermoset materials
7.0,corrosion resistance of thermoset materials
7.0,properties of elastomers
7.0,necessary properties of safety helmets
7.0,properties of composite materials
7.0,necessary properties of safety helmets
7.0,composite use in safety helmets
7.0,properties of steel
7.0,necessary properties of safety helmets
7.0,steel use in safety helmets
7.0,aluminum properties
7.0,aluminum in safety helmets
7.0,properties of titanium
7.0,necessary properties of safety helmets
7.0,titanium use in safety helmets
7.0,properties of glass
7.0,glass as safety helmet material
7.0,properties of wood
7.0,necessary properties of safety helmets
7.0,wood use in safety helmets
7.0,properties of thermoplastic
7.0,necessary properties of safety helmets
7.0,thermoplastic use in safety helmets
7.0,properties of thermoset materials
7.0,properties of elastomers
7.0,necessary properties of safety helmets
7.0,properties of composite materials
7.0,properties of steel
7.0,necessary properties of underwater components
7.0,steel use in underwater components
7.0,properties of aluminum
7.0,properties of titanium
7.0,necessary properties of underwater components
7.0,properties of glass
7.0,necessary properties of underwater components
7.0,properties of wood
7.0,properties of wood underwater
7.0,properties of thermoplastic
7.0,necessary properties of underwater components
7.0,thermoplastic use in underwater components
7.0,properties of thermoset materials
7.0,necessary properties of underwater components
7.0,properties of elastomers
7.0,necessary properties of underwater components
7.0,elastomer use in underwater components
7.0,properties of composite materials
7.0,suitability of composite materials for underwater applications
7.0,properties of steel
7.0,properties of aluminum
7.0,necessary properties of heat resistant materials
7.0,can aluminum be heat treated to increase its melting point
7.0,properties of titanium
7.0,necessary properties of heat resistant materials for underwater components
7.0,titanium use in heat resistant underwater components
7.0,properties of glass
7.0,heat resistance of wood
7.0,properties of thermoplastic
7.0,necessary properties of heat resistant materials
7.0,thermoplastic use in underwater applications
7.0,properties of thermosets
7.0,thermosets for underwater applications
7.0,properties of elastomers
7.0,properties of composite materials
7.0,necessary properties of heat resistant materials
7.0,heat resistance of composite materials
7.0,properties of steel in underwater environments
7.0,necessary properties of underwater components
7.0,steel use in underwater components
7.0,properties of aluminum
7.0,necessary properties of corrosion resistant materials
7.0,aluminum use in underwater components
7.0,properties of titanium
7.0,titanium use in underwater components
7.0,properties of glass
7.0,corrosion resistance of glass in underwater environment
7.0,properties of wood in corrosive environment
7.0,properties of thermoplastic
7.0,corrosion resistance of thermoplastic
7.0,thermoplastic corrosion resistance
7.0,properties of thermoset materials
7.0,necessary properties of corrosion resistant materials
7.0,properties of elastomers
7.0,necessary properties of corrosion resistant materials
7.0,use of elastomers in underwater applications
7.0,properties of composite materials
7.0,necessary properties of underwater components
7.0,composite materials use in underwater components
7.0,properties of steel
7.0,necessary properties of underwater components
7.0,steel use in underwater components
7.0,properties of aluminum
7.0,necessary properties of high strength underwater components
7.0,aluminum use in high strength underwater components
7.0,properties of titanium
7.0,necessary properties of underwater components
7.0,properties of glass
7.0,necessary properties of high strength underwater components
7.0,glass use in high strength underwater components
7.0,properties of wood
7.0,wood underwater properties
7.0,properties of thermoplastic
7.0,necessary properties of high-strength underwater components
7.0,thermoplastic use in underwater components
7.0,properties of thermosets
7.0,necessary properties of underwater components
7.0,thermosets use in underwater components
7.0,properties of elastomers
7.0,properties of elastomers in underwater environments
7.0,suitability of elastomers in high-strength applications
7.0,properties of composite materials
7.0,properties of steel
7.0,necessary properties of spacecraft components
7.0,steel use in spacecraft components
7.0,properties of aluminum
7.0,properties of titanium
7.0,necessary properties of spacecraft components
7.0,properties of glass
7.0,necessary properties of spacecraft components
7.0,glass use in spacecraft components
7.0,properties of wood
7.0,use of wood in aerospace
7.0,properties of thermoplastic
7.0,necessary properties of spacecraft components
7.0,thermoplastic use in spacecraft components
7.0,properties of thermoset
7.0,specific properties of thermoset for aerospace applications
7.0,lightweight properties of thermoset
7.0,properties of elastomers
7.0,weight and strength properties of elastomers
7.0,lightweight elastomers
7.0,strength and durability of lightweight elastomers
7.0,properties of composite materials
7.0,properties of steel
7.0,necessary properties of heat resistant materials for spacecraft components
7.0,steel use in spacecraft components
7.0,properties of aluminum
7.0,properties of titanium
7.0,necessary properties of heat resistant materials
7.0,titanium as heat resistant material
7.0,properties of glass
7.0,glass use in spacecraft
7.0,thermal properties of wood
7.0,properties of thermoplastic
7.0,necessary properties of heat resistant materials
7.0,thermoplastic use as heat resistant material
7.0,properties of thermosets
7.0,thermosets in heat resistant applications
7.0,properties of elastomers
7.0,thermal properties of elastomers
7.0,composite materials and heat resistance
7.0,properties of steel
7.0,corrosion resistance properties of steel
7.0,properties of aluminum
7.0,necessary properties of corrosion-resistant materials
7.0,aluminum use in corrosion-resistant spacecraft components
7.0,properties of titanium
7.0,properties of glass
7.0,corrosion resistance of glass
7.0,properties of wood
7.0,necessary properties of corrosion resistant materials
7.0,properties of thermoplastic
7.0,necessary properties of spacecraft components
7.0,thermoplastic use in spacecraft components
7.0,properties of thermoset
7.0,necessary properties of corrosion resistant materials
7.0,thermoset use in corrosion resistant materials
7.0,properties of elastomers
7.0,necessary properties of corrosion resistant materials
7.0,properties of composite materials
7.0,necessary properties of corrosion resistant materials
7.0,suitability of composite materials for spacecraft components
7.0,properties of steel
7.0,properties of aluminum
7.0,necessary properties of spacecraft components
7.0,aluminum use in spacecraft components
7.0,properties of titanium
7.0,properties of glass
7.0,necessary properties of high strength spacecraft components
7.0,properties of wood
7.0,necessary properties of spacecraft components
7.0,properties of thermoplastic
7.0,necessary properties of spacecraft components
7.0,thermoplastic use in spacecraft components
7.0,properties of thermoset materials
7.0,necessary properties of high strength spacecraft components
7.0,thermoset use in spacecraft components
7.0,properties of elastomers
7.0,properties of composite materials
14.0,properties of composite materials
14.0,necessary properties of kitchen utensil grips
14.0,properties of glass
14.0,corrosion resistance of glass
14.0,necessary properties of kitchen utensil grips
14.0,properties of steel
14.0,necessary properties of kitchen utensil grips
14.0,properties of aluminum
14.0,necessary properties of safety helmets
14.0,aluminum use in safety helmets
14.0,properties of steel
14.0,necessary properties of safety helmets
14.0,composite materials
14.0,necessary properties of underwater components
14.0,properties of composite materials
14.0,properties of titanium
14.0,necessary properties of spacecraft components
32.0,properties of steel
32.0,necessary properties of kitchen utensil grips
32.0,properties of aluminum
32.0,necessary properties of kitchen utensil grips
32.0,aluminum use in kitchen utensil grips
32.0,properties of titanium
32.0,necessary properties of kitchen utensil grips
32.0,titanium use in kitchen utensil grips
32.0,properties of glass
32.0,necessary properties of kitchen utensil grip
32.0,glass use in kitchen utensil grip
32.0,properties of wood
32.0,necessary properties of kitchen utensil grips
32.0,wood use in kitchen utensil grips
32.0,properties of thermoplastic
32.0,necessary properties of kitchen utensil grip
32.0,properties of thermoset
32.0,necessary properties of kitchen utensil grips
32.0,properties of elastomer
32.0,necessary properties of kitchen utensils grip
32.0,properties of composite materials
32.0,necessary properties of kitchen utensil grips
32.0,composite use in kitchen utensil grips
32.0,properties of steel
32.0,properties of steel
32.0,properties of aluminum
32.0,necessary properties of kitchen utensil grips
32.0,aluminum use in kitchen utensil grips
32.0,properties of titanium
32.0,necessary properties of kitchen utensil grips
32.0,titanium use in kitchen utensil grips
32.0,properties of glass
32.0,necessary properties of kitchen utensil grip
32.0,glass use in kitchen utensil grip
32.0,properties of wood
32.0,necessary properties of kitchen utensil grips
32.0,wood use in kitchen utensil grips
32.0,properties of thermoplastic
32.0,heat resistance properties of thermoplastic
32.0,properties of elastomer
32.0,properties of elastomer
32.0,heat resistance of elastomer
32.0,properties of composite materials
32.0,necessary properties of kitchen utensil grips
32.0,composite use in kitchen utensil grips
32.0,properties of steel
32.0,necessary properties of kitchen utensil grips
32.0,steel use in kitchen utensil grips
32.0,properties of aluminum
32.0,necessary properties of kitchen utensil grips
32.0,aluminum use in kitchen utensil grips
32.0,properties of titanium
32.0,necessary properties of kitchen utensil grips
32.0,titanium use in kitchen utensil grips
32.0,properties of glass
32.0,necessary properties of kitchen utensil grips
32.0,glass use in kitchen utensil grips
32.0,properties of wood
32.0,requirements for kitchen utensil grip
32.0,properties of wood
32.0,requirements for kitchen utensil grip
32.0,thermoplastic corrosion resistance
32.0,thermoplastic corrosion resistance
32.0,properties of thermoset
32.0,necessary properties of kitchen utensil grips
32.0,thermoset use in kitchen utensil grips
32.0,properties of elastomer
32.0,corrosion resistance of elastomer
32.0,necessary properties of kitchen utensil grips
32.0,properties of composite materials
32.0,necessary properties of kitchen utensil grips
32.0,composite use in kitchen utensil grips
32.0,properties of steel
32.0,necessary properties of kitchen utensil grip
32.0,necessary properties of grip
32.0,steel use in kitchen utensil grips
32.0,properties of aluminum
32.0,necessary properties of kitchen utensil grips
32.0,aluminum use in kitchen utensil grips
32.0,properties of titanium
32.0,necessary properties of kitchen utensil grips
32.0,titanium use in kitchen utensil grips
32.0,properties of glass
32.0,necessary properties of kitchen utensil grips
32.0,glass use in kitchen utensil grips
32.0,properties of wood
32.0,necessary properties of kitchen utensil grips
32.0,wood use in kitchen utensil grips
32.0,properties of thermoset
32.0,necessary properties of kitchen utensil grips
32.0,properties of elastomer
32.0,necessary properties of kitchen utensil grips
32.0,elastomer use in kitchen utensil grips
32.0,properties of composite materials
32.0,necessary properties of kitchen utensil grips
32.0,composite materials use in kitchen utensil grips
32.0,properties of steel
32.0,necessary properties of safety helmets
32.0,steel use in safety helmets
32.0,properties of aluminum
32.0,necessary properties of safety helmets
32.0,aluminum use in safety helmets
32.0,properties of titanium
32.0,use of titanium in safety helmets
32.0,properties of glass
32.0,necessary properties of safety helmets
32.0,properties of wood
32.0,necessary properties of safety helmets
32.0,wood use in safety helmets
32.0,properties of thermoplastic
32.0,necessary properties of safety helmets
32.0,thermoplastic use in safety helmets
32.0,properties of thermoset
32.0,necessary properties of safety helmets
32.0,thermoset use in safety helmets
32.0,properties of elastomer
32.0,properties of elastomer
32.0,properties of elastomer
32.0,suitability of elastomer for safety helmets
32.0,properties of elastomer
32.0,safety helmet materials
32.0,properties of composite materials
32.0,necessary properties of safety helmets
32.0,composite materials use in safety helmets
32.0,heat resistance property of steel
32.0,melting point of steel
32.0,properties of aluminum
32.0,necessary properties of safety helmets
32.0,aluminum use in safety helmets
32.0,properties of titanium
32.0,necessary properties of safety helmets
32.0,titanium use in safety helmets
32.0,properties of glass
32.0,necessary properties of safety helmets
32.0,glass use in safety helmets
32.0,properties of wood
32.0,necessary properties of safety helmets
32.0,wood use in safety helmets
32.0,properties of thermoplastic
32.0,necessary properties of safety helmets
32.0,properties of thermoset
32.0,properties of thermoset
32.0,properties of elastomer
32.0,necessary properties of safety helmets
32.0,elastomer use in safety helmets
32.0,properties of composite materials
32.0,necessary properties of safety helmets
32.0,composite use in safety helmets
32.0,properties of steel
32.0,necessary properties of safety helmets
32.0,steel use in safety helmets
32.0,properties of aluminum
32.0,necessary properties of safety helmets
32.0,aluminum use in safety helmets
32.0,properties of titanium
32.0,necessary properties of safety helmets
32.0,titanium use in safety helmets
32.0,properties of glass
32.0,necessary properties of safety helmets
32.0,glass use in safety helmets
32.0,properties of wood
32.0,necessary properties of safety helmets
32.0,wood use in safety helmets
32.0,properties of thermoplastic
32.0,necessary properties of safety helmets
32.0,thermoplastic use in safety helmets
32.0,properties of thermoset
32.0,necessary properties of safety helmets
32.0,thermoset use in safety helmets
32.0,properties of elastomer
32.0,necessary properties of safety helmet
32.0,corrosion resistance of elastomer
32.0,properties of composite materials
32.0,necessary properties of safety helmets
32.0,composite use in safety helmets
32.0,properties of steel
32.0,necessary properties of safety helmet
32.0,properties of aluminum
32.0,necessary properties of safety helmets
32.0,necessary properties of safety helmets
32.0,aluminum use in safety helmets
32.0,properties of titanium
32.0,necessary properties of safety helmets
32.0,titanium use in safety helmets
32.0,properties of glass
32.0,necessary properties of safety helmets
32.0,glass use in safety helmets
32.0,properties of wood
32.0,necessary properties of safety helmets
32.0,wood use in safety helmets
32.0,properties of thermoplastic
32.0,necessary properties of safety helmets
32.0,thermoplastic use in safety helmets
32.0,strength of thermoplastic
32.0,properties of thermoset
32.0,thermoset materials properties
32.0,necessary properties of safety helmets
32.0,properties of elastomer
32.0,necessary properties of safety helmets
32.0,elastomer use in safety helmets
32.0,properties of composite materials
32.0,properties of steel
32.0,necessary properties of underwater components
32.0,properties of aluminum
32.0,necessary properties of underwater components
32.0,aluminum use in underwater components
32.0,properties of titanium
32.0,necessary properties of underwater components
32.0,titanium use in underwater components
32.0,properties of glass
32.0,necessary properties of underwater components
32.0,glass use in underwater components
32.0,properties of wood and suitability for underwater applications
32.0,wood types for underwater applications
32.0,properties of thermoplastic
32.0,thermoplastic underwater applications
32.0,properties of thermoset
32.0,necessary properties of underwater components
32.0,thermoset use in underwater components
32.0,properties of elastomer
32.0,suitability of elastomers for underwater applications
32.0,necessary properties of underwater components
32.0,elastomer use in underwater components
32.0,properties of steel
32.0,necessary properties of underwater components
32.0,steel use in underwater components
32.0,properties of aluminum
32.0,necessary properties of underwater components
32.0,aluminum use in underwater components
32.0,titanium properties
32.0,materials for underwater use
32.0,properties of glass
32.0,necessary properties of underwater components
32.0,glass use in underwater components
32.0,properties of wood
32.0,necessary properties of underwater components
32.0,wood use in underwater components
32.0,properties of thermoplastic
32.0,properties of thermoset
32.0,necessary properties of underwater components
32.0,thermoset use in underwater components
32.0,properties of elastomer
32.0,necessary properties of underwater components
32.0,elastomer use in underwater components
32.0,properties of composite materials
32.0,necessary properties of underwater components
32.0,composite use in underwater components
32.0,properties of steel
32.0,corrosion resistance of steel in underwater environments
32.0,properties of aluminum
32.0,necessary properties of underwater components
32.0,aluminum use in underwater components
32.0,properties of titanium
32.0,necessary properties of underwater components
32.0,titanium use in underwater components
32.0,properties of glass
32.0,necessary properties of underwater components
32.0,glass use in underwater components
32.0,properties of wood and underwater performance
32.0,properties of thermoplastic and underwater corrosion resistance
32.0,thermoplastic underwater corrosion resistance
32.0,properties of thermoset
32.0,necessary properties of underwater components
32.0,thermoset use in underwater components
32.0,elastomer properties
32.0,elastomer underwater applications
32.0,properties of composite materials
32.0,necessary properties of underwater components
32.0,composite use in underwater components
32.0,properties of steel
32.0,necessary properties of underwater components
32.0,steel use in underwater components
32.0,properties of aluminum
32.0,necessary properties of underwater components
32.0,aluminum use in underwater components
32.0,properties of titanium
32.0,necessary properties of underwater components
32.0,titanium use in underwater components
32.0,properties of glass
32.0,necessary properties of underwater components
32.0,glass use in underwater components
32.0,properties of wood
32.0,necessary properties of underwater components
32.0,wood use in underwater components
32.0,properties of thermoplastic
32.0,necessary properties of underwater components
32.0,thermoplastic use in underwater components
32.0,properties of thermoset
32.0,necessary properties of underwater components
32.0,thermoset use in underwater components
32.0,properties of elastomer
32.0,necessary properties of underwater components
32.0,elastomer use in underwater components
32.0,properties of composite materials
32.0,necessary properties of underwater components
32.0,properties of steel
32.0,necessary properties of spacecraft components
32.0,properties of aluminum
32.0,necessary properties of spacecraft components
32.0,aluminum use in spacecraft components
32.0,properties of titanium
32.0,necessary properties of spacecraft components
32.0,properties of glass
32.0,necessary properties of spacecraft components
32.0,glass use in spacecraft components
32.0,properties of wood
32.0,necessary properties of spacecraft components
32.0,wood use in spacecraft components
32.0,properties of thermoset
32.0,necessary properties of spacecraft components
32.0,thermoset use in spacecraft components
32.0,properties of elastomer
32.0,necessary properties of spacecraft components
32.0,elastomer use in spacecraft components
32.0,properties of composite materials
32.0,necessary properties of spacecraft components
32.0,composite materials use in spacecraft
32.0,properties of steel
32.0,necessary properties of spacecraft components
32.0,steel use in spacecraft components
32.0,properties of aluminum
32.0,necessary properties of spacecraft components
32.0,aluminum use in spacecraft components
32.0,properties of titanium
32.0,necessary properties of spacecraft components
32.0,titanium use in spacecraft components
32.0,properties of glass
32.0,necessary properties of spacecraft components
32.0,properties of wood
32.0,necessary properties of spacecraft components
32.0,wood use in spacecraft components
32.0,properties of thermoplastic
32.0,necessary properties of spacecraft components
32.0,thermoplastic use in spacecraft components
32.0,thermoset materials heat resistance
32.0,necessary properties of spacecraft components
32.0,properties of elastomer
32.0,necessary properties of spacecraft components
32.0,elastomer use in spacecraft components
32.0,properties of composite materials
32.0,necessary properties of spacecraft components
32.0,composite use in spacecraft components
32.0,properties of steel
32.0,necessary properties of spacecraft components
32.0,steel use in spacecraft components
32.0,common materials used in spacecraft components
32.0,properties of aluminum
32.0,necessary properties of spacecraft components
32.0,aluminum use in spacecraft components
32.0,properties of titanium
32.0,necessary properties of spacecraft components
32.0,titanium use in spacecraft components
32.0,properties of glass
32.0,necessary properties of spacecraft components
32.0,glass use in spacecraft components
32.0,properties of wood
32.0,necessary properties of spacecraft components
32.0,wood use in spacecraft components
32.0,properties of thermoset
32.0,properties of elastomer
32.0,necessary properties of spacecraft components
32.0,elastomer use in spacecraft components
32.0,properties of composite materials
32.0,necessary properties of spacecraft components
32.0,composite materials use in spacecraft components
32.0,properties of steel
32.0,properties of steel
32.0,steel weight and temperature resistance
32.0,properties of aluminum
32.0,necessary properties of spacecraft components
32.0,aluminum use in spacecraft
32.0,properties of titanium
32.0,necessary properties of spacecraft components
32.0,titanium use in spacecraft components
32.0,properties of glass
32.0,necessary properties of spacecraft components
32.0,glass use in spacecraft components
32.0,properties of wood
32.0,necessary properties of spacecraft components
32.0,properties of thermoplastic
32.0,spacecraft component materials
32.0,thermoplastic use in spacecraft components
32.0,properties of thermoset
32.0,necessary properties of spacecraft components
32.0,thermoset use in spacecraft components
32.0,properties of elastomer
32.0,necessary properties of spacecraft components
32.0,elastomer use in spacecraft components
32.0,properties of composite materials
32.0,necessary properties of spacecraft components
32.0,composite materials use in spacecraft components
72.0,properties of steel
72.0,necessary properties of kitchen utensil grips
72.0,steel use in kitchen utensil grips
72.0,properties of titanium
72.0,properties of glass
72.0,properties of wood
72.0,properties of elastomer
72.0,necessary properties of kitchen utensil grips
72.0,elastomer use in kitchen utensil grips
72.0,properties of steel
72.0,properties of aluminum
72.0,properties of glass
72.0,properties of wood
72.0,properties of thermoplastic
72.0,properties of elastomer
72.0,properties of composite materials
72.0,heat resistance of composite materials
72.0,properties of steel
72.0,properties of aluminum
72.0,properties of titanium
72.0,necessary properties of kitchen utensil grips
72.0,properties of glass
72.0,properties of wood
72.0,properties of composite materials
72.0,properties of steel
72.0,properties of aluminum
72.0,properties of titanium
72.0,properties of glass
72.0,properties of wood
72.0,properties of thermoset
72.0,properties of elastomer
72.0,properties of steel
72.0,properties of titanium
72.0,necessary properties of safety helmets
72.0,properties of glass
72.0,properties of thermoset
72.0,properties of elastomer
72.0,properties of composite materials
72.0,properties of steel
72.0,properties of aluminum
72.0,properties of titanium
72.0,properties of glass
72.0,properties of wood
72.0,necessary properties of safety helmet
72.0,properties of thermoset
72.0,properties of composite materials
72.0,heat resistance of composite materials
72.0,properties of steel
72.0,properties of titanium
72.0,necessary properties of safety helmets
72.0,titanium use in safety helmets
72.0,properties of glass
72.0,necessary properties of safety helmets
72.0,glass use in safety helmets
72.0,properties of wood
72.0,necessary properties of safety helmets
72.0,wood use in safety helmets
72.0,properties of composite materials
72.0,properties of steel
72.0,properties of titanium
72.0,properties of glass
72.0,properties of composites
72.0,necessary properties of safety helmets
72.0,composite use in safety helmets
72.0,properties of steel
72.0,properties of aluminum
72.0,properties of titanium
72.0,properties of glass
72.0,properties of wood
72.0,properties of elastomer
72.0,properties of composites
72.0,necessary properties of underwater components
72.0,composites use in underwater components
72.0,properties of steel
72.0,properties of titanium
72.0,necessary properties of underwater components
72.0,properties of glass
72.0,necessary properties of underwater components
72.0,glass use in underwater components
72.0,properties of wood
72.0,properties of thermoset
72.0,properties of composites
72.0,corrosion resistance of steel
72.0,properties of aluminum
72.0,aluminum corrosion resistance
72.0,properties of titanium
72.0,properties of glass
72.0,properties of wood
72.0,properties of thermoplastic
72.0,necessary properties of underwater components
72.0,properties of composites
72.0,properties of steel
72.0,necessary properties of underwater components
72.0,steel use in underwater components
72.0,properties of aluminum
72.0,properties of titanium
72.0,necessary properties of underwater components
72.0,titanium use in underwater components
72.0,properties of glass
72.0,properties of wood
72.0,properties of thermoplastic
72.0,properties of composite materials
72.0,properties of titanium
72.0,necessary properties of spacecraft components
72.0,titanium use in spacecraft components
72.0,properties of glass
72.0,properties of wood
72.0,properties of thermoset
72.0,necessary properties of spacecraft components
72.0,properties of elastomer
72.0,properties of elastomer
72.0,properties of composite materials
72.0,properties of titanium
72.0,necessary properties of spacecraft components
72.0,titanium use in spacecraft components
72.0,properties of glass
72.0,necessary properties of spacecraft components
72.0,glass use in spacecraft components
72.0,properties of wood
72.0,necessary properties of heat resistant spacecraft components
72.0,properties of composite materials
72.0,properties of titanium
72.0,necessary properties of spacecraft components
72.0,properties of glass
72.0,necessary properties of spacecraft components
72.0,glass use in spacecraft components
72.0,properties of wood
72.0,necessary properties of spacecraft components
72.0,wood use in spacecraft components
72.0,properties of thermoset
72.0,necessary properties of spacecraft components
72.0,thermoset use in spacecraft components
72.0,properties of composite materials
72.0,properties of aluminum
72.0,properties of titanium
72.0,properties of glass
72.0,properties of wood
72.0,properties of elastomer
72.0,properties of elastomer
